{"player":{"position":{"x":0.43100613355636599,"y":1.0150002241134644,"z":-3.5114240646362306},"rotation":{"x":-8.427922892906281e-8,"y":7.064681284418839e-8,"z":3.783497515286172e-9,"w":1.0},"velocity":{"x":0.0,"y":0.0,"z":0.0}},"camera":{"position":{"x":12.43099594116211,"y":15.0,"z":-3.5114266872406008}},"levers":[{"position":{"x":0.0,"y":1.0,"z":11.320001602172852},"rotation":{"x":0.0,"y":0.0,"z":0.0,"w":1.0},"isButton":true,"state":false,"pressable":true},{"position":{"x":1.3817920684814454,"y":0.2800000011920929,"z":-1.8681399822235108},"rotation":{"x":0.0,"y":0.0,"z":0.0,"w":1.0},"isButton":false,"state":true,"pressable":true}],"platforms":[{"position":{"x":0.0,"y":0.5,"z":8.320001602172852},"rotation":{"x":0.0,"y":0.0,"z":0.0,"w":1.0},"target":{"instanceID":65040},"moveUntilWaypoint":false,"keepMoving":false,"moving":true}],"waypoints":[{"position":{"x":0.0,"y":0.5,"z":29.0},"next":{"instanceID":65040}},{"position":{"x":0.0,"y":0.5,"z":7.0},"next":{"instanceID":64990}}],"grounds":[{"position":{"x":0.0,"y":-3.0,"z":-14.25},"rotation":{"x":0.0,"y":0.0,"z":0.0,"w":1.0},"scale":{"x":10.0,"y":6.03000020980835,"z":30.0}},{"position":{"x":0.0,"y":-3.0,"z":50.0},"rotation":{"x":0.0,"y":0.0,"z":0.0,"w":1.0},"scale":{"x":10.0,"y":6.0,"z":30.0}}]}