{"player":{"position":{"x":4.156026989221573e-8,"y":1.0150001049041749,"z":-16.482402801513673},"rotation":{"x":4.001776132689372e-10,"y":3.808963366935814e-9,"z":-7.217749065091539e-9,"w":1.0},"velocity":{"x":-1.3875922633133087e-8,"y":0.0,"z":0.0}},"camera":{"position":{"x":12.0,"y":15.0,"z":-16.432024002075197}},"levers":[],"platforms":[{"position":{"x":0.0,"y":0.5,"z":7.0},"rotation":{"x":0.0,"y":0.0,"z":0.0,"w":1.0},"target":{"instanceID":75318},"moveUntilWaypoint":false,"keepMoving":false,"moving":false}],"waypoints":[{"position":{"x":0.0,"y":0.5,"z":29.0},"next":{"instanceID":77880}},{"position":{"x":0.0,"y":0.5,"z":7.0},"next":{"instanceID":75318}}],"grounds":[{"position":{"x":0.0,"y":-3.0,"z":50.0},"rotation":{"x":0.0,"y":0.0,"z":0.0,"w":1.0},"scale":{"x":10.0,"y":6.03000020980835,"z":30.0}},{"position":{"x":0.0,"y":-3.0,"z":-14.25},"rotation":{"x":0.0,"y":0.0,"z":0.0,"w":1.0},"scale":{"x":10.0,"y":6.03000020980835,"z":30.0}}]}