{"player":{"position":{"x":0.0000033525284379720689,"y":1.7500001192092896,"z":8.527491569519043},"rotation":{"x":-2.200776805239002e-7,"y":6.412027886426586e-8,"z":-9.126959810146218e-8,"w":1.0},"velocity":{"x":-1.27192292254108e-8,"y":0.0,"z":0.0}},"camera":{"position":{"x":12.0,"y":15.0,"z":7.532114028930664}},"levers":[],"platforms":[{"position":{"x":0.0,"y":0.5,"z":9.820012092590332},"rotation":{"x":0.0,"y":0.0,"z":0.0,"w":1.0},"target":{"instanceID":199684},"targetPosition":{"x":0.0,"y":0.5,"z":29.0},"moveUntilWaypoint":false,"keepMoving":false,"moving":true}],"waypoints":[{"position":{"x":0.0,"y":0.5,"z":7.0},"nextPosition":{"x":0.0,"y":0.5,"z":29.0}},{"position":{"x":0.0,"y":0.5,"z":29.0},"nextPosition":{"x":0.0,"y":0.5,"z":7.0}}],"grounds":[{"position":{"x":0.0,"y":-3.0,"z":50.0},"rotation":{"x":0.0,"y":0.0,"z":0.0,"w":1.0},"scale":{"x":10.0,"y":6.03000020980835,"z":30.0}},{"position":{"x":0.0,"y":-3.0,"z":-14.25},"rotation":{"x":0.0,"y":0.0,"z":0.0,"w":1.0},"scale":{"x":10.0,"y":6.03000020980835,"z":30.0}}]}