{"player":{"position":{"x":1.5384637117385865,"y":1.0150001049041749,"z":49.325439453125},"rotation":{"x":-4.0931621470008397e-7,"y":7.192829087898645e-8,"z":-1.590651521610198e-7,"w":1.0},"velocity":{"x":0.0,"y":0.0,"z":0.0}},"camera":{"position":{"x":13.513686180114746,"y":15.0,"z":49.32852554321289}},"levers":[],"platforms":[{"position":{"x":0.0,"y":0.5,"z":28.479944229125978},"rotation":{"x":0.0,"y":0.0,"z":0.0,"w":1.0},"target":{"instanceID":75318},"moveUntilWaypoint":false,"keepMoving":false,"moving":false}],"waypoints":[{"position":{"x":0.0,"y":0.5,"z":29.0},"next":{"instanceID":77880}},{"position":{"x":0.0,"y":0.5,"z":7.0},"next":{"instanceID":75318}}],"grounds":[{"position":{"x":0.0,"y":-3.0,"z":50.0},"rotation":{"x":0.0,"y":0.0,"z":0.0,"w":1.0},"scale":{"x":10.0,"y":6.03000020980835,"z":30.0}},{"position":{"x":0.0,"y":-3.0,"z":-14.25},"rotation":{"x":0.0,"y":0.0,"z":0.0,"w":1.0},"scale":{"x":10.0,"y":6.03000020980835,"z":30.0}}]}